rural_urban,AVG(tuition.percentage)
Rural,0.0341176470588235
Urban,0.02721374045801519
